{
  "categories": {
    "Arts & Photography": [],
    "Biographies & Memoirs": [],
    "Business & Money": [],
    "Children's Books": [],
    "Comics & Graphic Novels": [],
    "Computers & Technology": [],
    "Cookbooks, Food & Wine": [],
    "Crafts, Hobbies & Home": [],
    "Education & Teaching": [],
    "Engineering & Transportation": [],
    "Health, Fitness & Dieting": [],
    "History": [],
    "Humor & Entertainment": [],
    "LGBTQ+ Books": [],
    "Law": ["Administrative Law", "Business", "Constitutional Law", "Criminal Law", "English Law", "Environmental & Natural Resources Law", "Estate Planning", "Family Law", "Health & Medical Law", "Intellectual Property", "Law Practice", "Legal Education", "Legal Theory & Systems", "Rules & Procedures", "Specialties", "Tax Law"],
    "Literature & Fiction": [],
    "Medical Books": [],
    "Mystery, Thriller & Suspense": [],
    "Parenting & Relationships": [],
    "Politics & Social Sciences": [],
    "Reference": [],
    "Religion & Spirituality": [],
    "Romance": [],
    "Science & Math": [],
    "Science Fiction & Fantasy": [],
    "Self-Help": [],
    "Sports & Outdoors": [],
    "Teen & Young Adult": [],
    "Test Preparation": [],
    "Travel": [],
    "Non-Classifiable": []
  },
  "placements": {
    "Administrative Law": ["Antitrust", "Civil Law", "Emigration & Immigration", "Federal Jurisdiction", "General", "Housing & Urban Development", "Indigenous Peoples", "Land Use", "Public", "Public Contract", "Public Utilities", "Urban, State & Local Government"],
    "Business": ["Antitrust", "Arbitration, Negotiation & Mediation", "Banking", "Bankruptcy", "Commercial", "Construction", "Consumer Law", "Contracts", "Corporate Law", "Entertainment", "Franchising", "Insurance Law", "Labor & Employment", "Property", "Real Estate", "Reference", "Regulation", "Securities", "Taxation", "Torts"],
    "Constitutional Law": ["Civil Rights", "Discrimination", "General", "Human Rights"],
    "Criminal Law": ["Criminal Procedure", "Evidence", "Forensic Science", "General", "Law Enforcement"],
    "English Law": [],
    "Environmental & Natural Resources Law": [],
    "Estate Planning": [],
    "Family Law": [],
    "Health & Medical Law": [],
    "Intellectual Property": [],
    "Law Practice": [],
    "Legal Education": [],
    "Legal Theory & Systems": [],
    "Rules & Procedures": [],
    "Specialties": [],
    "Tax Law": []
  }
}
