{
    "android": [
        {
            "deviceName": "emulator-5554",
            "udid": "emulator-5554",
            "platformVersion": "9",
            "port": null
        },
        {
            "deviceName": "emulator-5556",
            "udid": "emulator-5556",
            "platformVersion": "9",
            "port": null
        },
        {
            "deviceName": "emulator-5558",
            "udid": "emulator-5558",
            "platformVersion": "9",
            "port": null
        }
    ]
}