{
  "data": [
    {
      "cover_name": "COVER1.pdf",
      "content_name": "CONTENT1.pdf",
      "title": "title1",
      "author": {
        "first_name": "first_name1",
        "last_name": "last_name1"
      },
      "description": "description1",
      "category": {
        "main": "Law",
        "sub": "Business",
        "placements": ["Banking", "Property"]
      },
      "keywords": ["keyword1", "keyword2", "keyword3"],
      "isbn": "",
      "print_option": "BW_WHITE",
      "trim_size": "6 x 9",
      "bleed": false,
      "paper_back_cover": "matte",
      "ai_content": false,
      "price": 10.99
    },
    {
      "cover_name": "COVER1.pdf",
      "content_name": "CONTENT1.pdf",
      "title": "title2",
      "author": {
        "first_name": "first_name2",
        "last_name": "last_name2"
      },
      "description": "description1",
      "category": {
        "main": "Law",
        "sub": "Business",
        "placements": ["Banking", "Property"]
      },
      "keywords": ["keyword1", "keyword2", "keyword3"],
      "isbn": "",
      "print_option": "BW_WHITE",
      "trim_size": "6 x 9",
      "bleed": false,
      "paper_back_cover": "matte",
      "ai_content": false,
      "price": 10.99
    },
    {
      "cover_name": "COVER1.pdf",
      "content_name": "CONTENT1.pdf",
      "title": "title3",
      "author": {
        "first_name": "first_name3",
        "last_name": "last_name3"
      },
      "description": "description1",
      "category": {
        "main": "Law",
        "sub": "Business",
        "placements": ["Banking", "Property"]
      },
      "keywords": ["keyword1", "keyword2", "keyword3"],
      "isbn": "",
      "print_option": "BW_WHITE",
      "trim_size": "6 x 9",
      "bleed": false,
      "paper_back_cover": "matte",
      "ai_content": false,
      "price": 10.99
    },
    {
      "cover_name": "COVER1.pdf",
      "content_name": "CONTENT1.pdf",
      "title": "title4",
      "author": {
        "first_name": "first_name4",
        "last_name": "last_name4"
      },
      "description": "description1",
      "category": {
        "main": "Law",
        "sub": "Business",
        "placements": ["Banking", "Property"]
      },
      "keywords": ["keyword1", "keyword2", "keyword3"],
      "isbn": "",
      "print_option": "BW_WHITE",
      "trim_size": "6 x 9",
      "bleed": false,
      "paper_back_cover": "matte",
      "ai_content": false,
      "price": 10.99
    },
    {
      "cover_name": "COVER1.pdf",
      "content_name": "CONTENT1.pdf",
      "title": "title5",
      "author": {
        "first_name": "first_name5",
        "last_name": "last_name5"
      },
      "description": "description1",
      "category": {
        "main": "Law",
        "sub": "Business",
        "placements": ["Banking", "Property"]
      },
      "keywords": ["keyword1", "keyword2", "keyword3"],
      "isbn": "",
      "print_option": "BW_WHITE",
      "trim_size": "6 x 9",
      "bleed": false,
      "paper_back_cover": "matte",
      "ai_content": false,
      "price": 10.99
    },
    {
      "cover_name": "COVER1.pdf",
      "content_name": "CONTENT1.pdf",
      "title": "title6",
      "author": {
        "first_name": "first_name6",
        "last_name": "last_name6"
      },
      "description": "description1",
      "category": {
        "main": "Law",
        "sub": "Business",
        "placements": ["Banking", "Property"]
      },
      "keywords": ["keyword1", "keyword2", "keyword3"],
      "isbn": "",
      "print_option": "BW_WHITE",
      "trim_size": "6 x 9",
      "bleed": false,
      "paper_back_cover": "matte",
      "ai_content": false,
      "price": 10.99
    },
    {
      "cover_name": "COVER1.pdf",
      "content_name": "CONTENT1.pdf",
      "title": "title7",
      "author": {
        "first_name": "first_name7",
        "last_name": "last_name7"
      },
      "description": "description1",
      "category": {
        "main": "Law",
        "sub": "Business",
        "placements": ["Banking", "Property"]
      },
      "keywords": ["keyword1", "keyword2", "keyword3"],
      "isbn": "",
      "print_option": "BW_WHITE",
      "trim_size": "6 x 9",
      "bleed": false,
      "paper_back_cover": "matte",
      "ai_content": false,
      "price": 10.99
    }
  ]
}