{
  "users": [
    {
      "email": "faedoonanf14@outlook.com",
      "password": "Eleeivf1c5v",
      "key": "7DOUXTX7A4ABYLYC4ZUU7K4BY4TBIDPIEWKMXZ4BYLME6FIDWJPQ"
    },
    {
      "email": "shebakeckerav@outlook.com",
      "password": "vrFcwee4at",
      "key": "ECR5E6Z6IMCQN2M6YIJUAEOWUZFAHDBTJGE73XYAWT5GX4SJYDEA"
    },
    {
      "email": "joh37pillon@outlook.com",
      "password": "ccW955pk7rh",
      "key": "62QTBESDUCG54UDBYZ6H7YPWBE5NGCFRIJUIZROBYXTJEWK5LTCQ"
    },
    {
      "email": "nyonnguyen@gmail.com",
      "password": "12345678x@X",
      "key": "EFC4LMACJN2BMETLS2KIBHQH7M4Z3GGKYNAD2L5E4JJEZF6JEYSA"
    }
  ]
}